{
  "project_info": {
    "project_number": "850124330251",
    "project_id": "trabalhoreferenteinovacoestec",
    "storage_bucket": "trabalhoreferenteinovacoestec.appspot.com"
  },
  "client": [
    {
      "client_info": {
        "mobilesdk_app_id": "1:850124330251:android:a5ff669d18c5247f40fe0e",
        "android_client_info": {
          "package_name": "com.example.trabalho_referente_inovacoes_tecnologicas"
        }
      },
      "oauth_client": [
        {
          "client_id": "850124330251-mbit9qrogifhc43rl13pcdilhfkp4ct6.apps.googleusercontent.com",
          "client_type": 3
        }
      ],
      "api_key": [
        {
          "current_key": "AIzaSyBzeAEQggBJ_xODVH8yO9OQLtGp7WD_6e8"
        }
      ],
      "services": {
        "appinvite_service": {
          "other_platform_oauth_client": [
            {
              "client_id": "850124330251-mbit9qrogifhc43rl13pcdilhfkp4ct6.apps.googleusercontent.com",
              "client_type": 3
            }
          ]
        }
      }
    }
  ],
  "configuration_version": "1"
}