{
  "project_info": {
    "project_number": "552283981890",
    "project_id": "fir-studentdatabase-5dd1f",
    "storage_bucket": "fir-studentdatabase-5dd1f.appspot.com"
  },
  "client": [
    {
      "client_info": {
        "mobilesdk_app_id": "1:552283981890:android:40a9562807c4b7962385db",
        "android_client_info": {
          "package_name": "com.example.estudantesfirebase"
        }
      },
      "oauth_client": [
        {
          "client_id": "552283981890-t0eujm1s5m93mk0hmj3gugi9aam0lqib.apps.googleusercontent.com",
          "client_type": 3
        }
      ],
      "api_key": [
        {
          "current_key": "AIzaSyC803hp15qOPv4UeDATyD91ouvxi8oy4Eo"
        }
      ],
      "services": {
        "appinvite_service": {
          "other_platform_oauth_client": [
            {
              "client_id": "552283981890-t0eujm1s5m93mk0hmj3gugi9aam0lqib.apps.googleusercontent.com",
              "client_type": 3
            }
          ]
        }
      }
    }
  ],
  "configuration_version": "1"
}