{
  "project_info": {
    "project_number": "101344407974",
    "project_id": "ameacasambientais-8df80",
    "storage_bucket": "ameacasambientais-8df80.appspot.com"
  },
  "client": [
    {
      "client_info": {
        "mobilesdk_app_id": "1:101344407974:android:0da435628cde4b11901f67",
        "android_client_info": {
          "package_name": "com.example.ameacasambientais"
        }
      },
      "oauth_client": [
        {
          "client_id": "101344407974-i69qtnlim782p73brudnncgc7ne2r11n.apps.googleusercontent.com",
          "client_type": 3
        }
      ],
      "api_key": [
        {
          "current_key": "AIzaSyClijQ_22RAqA5VK_rGp90LpHo33CEPtgc"
        }
      ],
      "services": {
        "appinvite_service": {
          "other_platform_oauth_client": [
            {
              "client_id": "101344407974-i69qtnlim782p73brudnncgc7ne2r11n.apps.googleusercontent.com",
              "client_type": 3
            }
          ]
        }
      }
    }
  ],
  "configuration_version": "1"
}